Link, Anchor_Text
"http://www.nettruyenmoi.com/", Trang chủ
"https://www.nettruyenmoi.com/truyen-tranh/bang-son-tong-tai-sung-the-den-vo-dao-26692#", Xếp hạng 
"https://www.nettruyenmoi.com/Secure/Login.aspx?returnurl=%2Ftruyen-tranh%2Fbang-son-tong-tai-sung-the-den-vo-dao-26692", Đăng nhập
"https://www.nettruyenmoi.com/Secure/Register.aspx?returnurl=%2Ftruyen-tranh%2Fbang-son-tong-tai-sung-the-den-vo-dao-26692", Đăng ký
"https://www.nettruyenmoi.com/", 


Trang chủ

"http://www.nettruyenmoi.com/hot", Hot
"http://www.nettruyenmoi.com/theo-doi", Theo dõi
"http://www.nettruyenmoi.com/lich-su", Lịch sử
"http://www.nettruyenmoi.com/tim-truyen", 
Tất cả

"http://www.nettruyenmoi.com/tim-truyen/action", Action
"http://www.nettruyenmoi.com/tim-truyen/truong-thanh", Adult
"http://www.nettruyenmoi.com/tim-truyen/adventure", Adventure
"http://www.nettruyenmoi.com/tim-truyen/anime", Anime
"http://www.nettruyenmoi.com/tim-truyen/chuyen-sinh-213", Chuyển Sinh
"http://www.nettruyenmoi.com/tim-truyen/comedy-99", Comedy
"http://www.nettruyenmoi.com/tim-truyen/comic", Comic
"http://www.nettruyenmoi.com/tim-truyen/cooking", Cooking
"http://www.nettruyenmoi.com/tim-truyen/co-dai-207", 
Cổ Đại

"http://www.nettruyenmoi.com/tim-truyen/doujinshi", Doujinshi
"http://www.nettruyenmoi.com/tim-truyen/drama-103", Drama
"http://www.nettruyenmoi.com/tim-truyen/dam-my", 
Đam Mỹ

"http://www.nettruyenmoi.com/tim-truyen/ecchi", Ecchi
"http://www.nettruyenmoi.com/tim-truyen/fantasy-105", Fantasy
"http://www.nettruyenmoi.com/tim-truyen/gender-bender", Gender Bender
"http://www.nettruyenmoi.com/tim-truyen/harem-107", Harem
"http://www.nettruyenmoi.com/tim-truyen/historical", Historical
"http://www.nettruyenmoi.com/tim-truyen/horror", Horror
"http://www.nettruyenmoi.com/tim-truyen/josei", Josei
"http://www.nettruyenmoi.com/tim-truyen/live-action", Live action
"http://www.nettruyenmoi.com/tim-truyen/manga-112", Manga
"http://www.nettruyenmoi.com/tim-truyen/manhua", 
Manhua

"http://www.nettruyenmoi.com/tim-truyen/manhwa-1140", Manhwa
"http://www.nettruyenmoi.com/tim-truyen/martial-arts", Martial Arts
"http://www.nettruyenmoi.com/tim-truyen/mature", Mature
"http://www.nettruyenmoi.com/tim-truyen/mecha-117", Mecha
"http://www.nettruyenmoi.com/tim-truyen/mystery", Mystery
"http://www.nettruyenmoi.com/tim-truyen/ngon-tinh", 
Ngôn Tình

"http://www.nettruyenmoi.com/tim-truyen/one-shot", One shot
"http://www.nettruyenmoi.com/tim-truyen/psychological", Psychological
"http://www.nettruyenmoi.com/tim-truyen/romance", 
Romance

"http://www.nettruyenmoi.com/tim-truyen/school-life", School Life
"http://www.nettruyenmoi.com/tim-truyen/sci-fi", Sci-fi
"http://www.nettruyenmoi.com/tim-truyen/seinen", Seinen
"http://www.nettruyenmoi.com/tim-truyen/shoujo", Shoujo
"http://www.nettruyenmoi.com/tim-truyen/shoujo-ai-126", Shoujo Ai
"http://www.nettruyenmoi.com/tim-truyen/shounen-127", Shounen
"http://www.nettruyenmoi.com/tim-truyen/shounen-ai", Shounen Ai
"http://www.nettruyenmoi.com/tim-truyen/slice-of-life", Slice of Life
"http://www.nettruyenmoi.com/tim-truyen/smut", Smut
"http://www.nettruyenmoi.com/tim-truyen/soft-yaoi", Soft Yaoi
"http://www.nettruyenmoi.com/tim-truyen/soft-yuri", Soft Yuri
"http://www.nettruyenmoi.com/tim-truyen/sports", Sports
"http://www.nettruyenmoi.com/tim-truyen/supernatural", Supernatural
"http://www.nettruyenmoi.com/tim-truyen/thieu-nhi", Thiếu Nhi
"http://www.nettruyenmoi.com/tim-truyen/tragedy-136", Tragedy
"http://www.nettruyenmoi.com/tim-truyen/trinh-tham", Trinh Thám
"http://www.nettruyenmoi.com/tim-truyen/truyen-scan", Truyện scan
"http://www.nettruyenmoi.com/tim-truyen/truyen-mau", Truyện Màu
"http://www.nettruyenmoi.com/tim-truyen/webtoon", Webtoon
"http://www.nettruyenmoi.com/tim-truyen/xuyen-khong-205", 
Xuyên Không

"https://www.nettruyenmoi.com/tim-truyen?status=-1&sort=10", 

 Top all
"https://www.nettruyenmoi.com/truyen-full", 


 Truyện full

"https://www.nettruyenmoi.com/tim-truyen?status=-1&sort=11", 

 Top tháng
"https://www.nettruyenmoi.com/tim-truyen?status=-1&sort=20", 

 Yêu Thích
"https://www.nettruyenmoi.com/tim-truyen?status=-1&sort=12", 

 Top tuần
"https://www.nettruyenmoi.com/tim-truyen", 

 Mới cập nhật
"https://www.nettruyenmoi.com/tim-truyen?status=-1&sort=13", 

 Top ngày
"https://www.nettruyenmoi.com/tim-truyen?status=-1&sort=15", 

 Truyện mới
"http://www.nettruyenmoi.com/tim-truyen-nang-cao", Tìm truyện
"http://www.nettruyenmoi.com/truyen-con-gai", Con gái
"http://www.nettruyenmoi.com/truyen-con-trai", Con trai
"https://www.facebook.com/groups/nettruyenonline/", Group
"http://cookie.nettruyengo.com/secure/cookiehandler.aspx?domain=www.nettruyenmoi.com",  Nhấn vào đây
"http://www.nettruyenmoi.com/truyen-tranh/bang-son-tong-tai-sung-the-den-vo-dao-26692", Băng Sơn Tổng Tài Sủng Thê Đến Vô Đạo 
"http://www.nettruyenmoi.com/truyen-tranh/bang-son-tong-tai-sung-the-den-vo-dao/chap-0/529826", Chapter 0
"http://www.nettruyenmoi.com/truyen-tranh/bang-son-tong-tai-sung-the-den-vo-dao/chap-213/831298", Chapter 213
"http://www.nettruyenmoi.com/truyen-tranh/bang-son-tong-tai-sung-the-den-vo-dao/chap-1/529953", Chapter 1
"http://www.nettruyenmoi.com/truyen-tranh/bang-son-tong-tai-sung-the-den-vo-dao/chap-212/830854", Chapter 212
"http://www.nettruyenmoi.com/truyen-tranh/bang-son-tong-tai-sung-the-den-vo-dao/chap-211/830825", Chapter 211
"http://www.nettruyenmoi.com/truyen-tranh/bang-son-tong-tai-sung-the-den-vo-dao/chap-210/830598", Chapter 210
"http://www.nettruyenmoi.com/truyen-tranh/bang-son-tong-tai-sung-the-den-vo-dao/chap-209/822810", Chapter 209
"http://www.nettruyenmoi.com/truyen-tranh/bang-son-tong-tai-sung-the-den-vo-dao/chap-208/822650", Chapter 208
"http://www.nettruyenmoi.com/truyen-tranh/bang-son-tong-tai-sung-the-den-vo-dao/chap-207/819424", Chapter 207
"http://www.nettruyenmoi.com/truyen-tranh/bang-son-tong-tai-sung-the-den-vo-dao/chap-206/816882", Chapter 206
"http://www.nettruyenmoi.com/truyen-tranh/bang-son-tong-tai-sung-the-den-vo-dao/chap-205/816598", Chapter 205
"http://www.nettruyenmoi.com/truyen-tranh/bang-son-tong-tai-sung-the-den-vo-dao/chap-204/804637", Chapter 204
"http://www.nettruyenmoi.com/truyen-tranh/bang-son-tong-tai-sung-the-den-vo-dao/chap-203/800481", Chapter 203
"http://www.nettruyenmoi.com/truyen-tranh/bang-son-tong-tai-sung-the-den-vo-dao/chap-202/797665", Chapter 202
"http://www.nettruyenmoi.com/truyen-tranh/bang-son-tong-tai-sung-the-den-vo-dao/chap-201/796171", Chapter 201
"http://www.nettruyenmoi.com/truyen-tranh/bang-son-tong-tai-sung-the-den-vo-dao/chap-200/795847", Chapter 200
"http://www.nettruyenmoi.com/truyen-tranh/bang-son-tong-tai-sung-the-den-vo-dao/chap-199/793088", Chapter 199
"http://www.nettruyenmoi.com/truyen-tranh/bang-son-tong-tai-sung-the-den-vo-dao/chap-198/791559", Chapter 198
"http://www.nettruyenmoi.com/truyen-tranh/bang-son-tong-tai-sung-the-den-vo-dao/chap-197/787176", Chapter 197
"http://www.nettruyenmoi.com/truyen-tranh/bang-son-tong-tai-sung-the-den-vo-dao/chap-196/787175", Chapter 196
"http://www.nettruyenmoi.com/truyen-tranh/bang-son-tong-tai-sung-the-den-vo-dao/chap-195/787174", Chapter 195
"http://www.nettruyenmoi.com/truyen-tranh/bang-son-tong-tai-sung-the-den-vo-dao/chap-194/787173", Chapter 194
"http://www.nettruyenmoi.com/truyen-tranh/bang-son-tong-tai-sung-the-den-vo-dao/chap-193/787172", Chapter 193
"http://www.nettruyenmoi.com/truyen-tranh/bang-son-tong-tai-sung-the-den-vo-dao/chap-192/787171", Chapter 192
"http://www.nettruyenmoi.com/truyen-tranh/bang-son-tong-tai-sung-the-den-vo-dao/chap-191/787170", Chapter 191
"http://www.nettruyenmoi.com/truyen-tranh/bang-son-tong-tai-sung-the-den-vo-dao/chap-190/787169", Chapter 190
"http://www.nettruyenmoi.com/truyen-tranh/bang-son-tong-tai-sung-the-den-vo-dao/chap-189/787168", Chapter 189
"http://www.nettruyenmoi.com/truyen-tranh/bang-son-tong-tai-sung-the-den-vo-dao/chap-188/787167", Chapter 188
"http://www.nettruyenmoi.com/truyen-tranh/bang-son-tong-tai-sung-the-den-vo-dao/chap-187/787166", Chapter 187
"http://www.nettruyenmoi.com/truyen-tranh/bang-son-tong-tai-sung-the-den-vo-dao/chap-186/787165", Chapter 186
"http://www.nettruyenmoi.com/truyen-tranh/bang-son-tong-tai-sung-the-den-vo-dao/chap-185/787164", Chapter 185
"http://www.nettruyenmoi.com/truyen-tranh/bang-son-tong-tai-sung-the-den-vo-dao/chap-184/787163", Chapter 184
"http://www.nettruyenmoi.com/truyen-tranh/bang-son-tong-tai-sung-the-den-vo-dao/chap-183/787162", Chapter 183
"http://www.nettruyenmoi.com/truyen-tranh/bang-son-tong-tai-sung-the-den-vo-dao/chap-182/787161", Chapter 182
"http://www.nettruyenmoi.com/truyen-tranh/bang-son-tong-tai-sung-the-den-vo-dao/chap-181/787160", Chapter 181
"http://www.nettruyenmoi.com/truyen-tranh/bang-son-tong-tai-sung-the-den-vo-dao/chap-180/787159", Chapter 180
"http://www.nettruyenmoi.com/truyen-tranh/bang-son-tong-tai-sung-the-den-vo-dao/chap-179/787158", Chapter 179
"http://www.nettruyenmoi.com/truyen-tranh/bang-son-tong-tai-sung-the-den-vo-dao/chap-178/787157", Chapter 178
"http://www.nettruyenmoi.com/truyen-tranh/bang-son-tong-tai-sung-the-den-vo-dao/chap-177/787156", Chapter 177
"http://www.nettruyenmoi.com/truyen-tranh/bang-son-tong-tai-sung-the-den-vo-dao/chap-176/787155", Chapter 176
"http://www.nettruyenmoi.com/truyen-tranh/bang-son-tong-tai-sung-the-den-vo-dao/chap-175/787154", Chapter 175
"http://www.nettruyenmoi.com/truyen-tranh/bang-son-tong-tai-sung-the-den-vo-dao/chap-174/787153", Chapter 174
"http://www.nettruyenmoi.com/truyen-tranh/bang-son-tong-tai-sung-the-den-vo-dao/chap-173/787152", Chapter 173
"http://www.nettruyenmoi.com/truyen-tranh/bang-son-tong-tai-sung-the-den-vo-dao/chap-172/787151", Chapter 172
"http://www.nettruyenmoi.com/truyen-tranh/bang-son-tong-tai-sung-the-den-vo-dao/chap-171/787150", Chapter 171
"http://www.nettruyenmoi.com/truyen-tranh/bang-son-tong-tai-sung-the-den-vo-dao/chap-170/787149", Chapter 170
"http://www.nettruyenmoi.com/truyen-tranh/bang-son-tong-tai-sung-the-den-vo-dao/chap-169/787148", Chapter 169
"http://www.nettruyenmoi.com/truyen-tranh/bang-son-tong-tai-sung-the-den-vo-dao/chap-168/787147", Chapter 168
"http://www.nettruyenmoi.com/truyen-tranh/bang-son-tong-tai-sung-the-den-vo-dao/chap-167/787146", Chapter 167
"http://www.nettruyenmoi.com/truyen-tranh/bang-son-tong-tai-sung-the-den-vo-dao/chap-166/787145", Chapter 166
"http://www.nettruyenmoi.com/truyen-tranh/bang-son-tong-tai-sung-the-den-vo-dao/chap-165/787144", Chapter 165
"http://www.nettruyenmoi.com/truyen-tranh/bang-son-tong-tai-sung-the-den-vo-dao/chap-164/787143", Chapter 164
"http://www.nettruyenmoi.com/truyen-tranh/bang-son-tong-tai-sung-the-den-vo-dao/chap-163/787142", Chapter 163
"http://www.nettruyenmoi.com/truyen-tranh/bang-son-tong-tai-sung-the-den-vo-dao/chap-162/787141", Chapter 162: Trùng 161
"http://www.nettruyenmoi.com/truyen-tranh/bang-son-tong-tai-sung-the-den-vo-dao/chap-161/787140", Chapter 161
"http://www.nettruyenmoi.com/truyen-tranh/bang-son-tong-tai-sung-the-den-vo-dao/chap-160/787139", Chapter 160
"http://www.nettruyenmoi.com/truyen-tranh/bang-son-tong-tai-sung-the-den-vo-dao/chap-159/787138", Chapter 159
"http://www.nettruyenmoi.com/truyen-tranh/bang-son-tong-tai-sung-the-den-vo-dao/chap-158/787137", Chapter 158
"http://www.nettruyenmoi.com/truyen-tranh/bang-son-tong-tai-sung-the-den-vo-dao/chap-157/787136", Chapter 157
"http://www.nettruyenmoi.com/truyen-tranh/bang-son-tong-tai-sung-the-den-vo-dao/chap-156/787135", Chapter 156
"http://www.nettruyenmoi.com/truyen-tranh/bang-son-tong-tai-sung-the-den-vo-dao/chap-155/787134", Chapter 155
"http://www.nettruyenmoi.com/truyen-tranh/bang-son-tong-tai-sung-the-den-vo-dao/chap-154/787133", Chapter 154
"http://www.nettruyenmoi.com/truyen-tranh/bang-son-tong-tai-sung-the-den-vo-dao/chap-153/787132", Chapter 153
"http://www.nettruyenmoi.com/truyen-tranh/bang-son-tong-tai-sung-the-den-vo-dao/chap-152/787131", Chapter 152
"http://www.nettruyenmoi.com/truyen-tranh/bang-son-tong-tai-sung-the-den-vo-dao/chap-151/787130", Chapter 151
"http://www.nettruyenmoi.com/truyen-tranh/bang-son-tong-tai-sung-the-den-vo-dao/chap-150/787129", Chapter 150
"http://www.nettruyenmoi.com/truyen-tranh/bang-son-tong-tai-sung-the-den-vo-dao/chap-149/787128", Chapter 149
"http://www.nettruyenmoi.com/truyen-tranh/bang-son-tong-tai-sung-the-den-vo-dao/chap-148/787127", Chapter 148
"http://www.nettruyenmoi.com/truyen-tranh/bang-son-tong-tai-sung-the-den-vo-dao/chap-147/787126", Chapter 147
"http://www.nettruyenmoi.com/truyen-tranh/bang-son-tong-tai-sung-the-den-vo-dao/chap-146/787125", Chapter 146
"http://www.nettruyenmoi.com/truyen-tranh/bang-son-tong-tai-sung-the-den-vo-dao/chap-145/787124", Chapter 145
"http://www.nettruyenmoi.com/truyen-tranh/bang-son-tong-tai-sung-the-den-vo-dao/chap-144/787123", Chapter 144
"http://www.nettruyenmoi.com/truyen-tranh/bang-son-tong-tai-sung-the-den-vo-dao/chap-143/787122", Chapter 143
"http://www.nettruyenmoi.com/truyen-tranh/bang-son-tong-tai-sung-the-den-vo-dao/chap-142/787121", Chapter 142
"http://www.nettruyenmoi.com/truyen-tranh/bang-son-tong-tai-sung-the-den-vo-dao/chap-141/787120", Chapter 141
"http://www.nettruyenmoi.com/truyen-tranh/bang-son-tong-tai-sung-the-den-vo-dao/chap-140/787119", Chapter 140
"http://www.nettruyenmoi.com/truyen-tranh/bang-son-tong-tai-sung-the-den-vo-dao/chap-139/787118", Chapter 139
"http://www.nettruyenmoi.com/truyen-tranh/bang-son-tong-tai-sung-the-den-vo-dao/chap-138/787117", Chapter 138
"http://www.nettruyenmoi.com/truyen-tranh/bang-son-tong-tai-sung-the-den-vo-dao/chap-137/787116", Chapter 137
"http://www.nettruyenmoi.com/truyen-tranh/bang-son-tong-tai-sung-the-den-vo-dao/chap-136/787115", Chapter 136
"http://www.nettruyenmoi.com/truyen-tranh/bang-son-tong-tai-sung-the-den-vo-dao/chap-135/787114", Chapter 135
"http://www.nettruyenmoi.com/truyen-tranh/bang-son-tong-tai-sung-the-den-vo-dao/chap-134/787113", Chapter 134
"http://www.nettruyenmoi.com/truyen-tranh/bang-son-tong-tai-sung-the-den-vo-dao/chap-133/787112", Chapter 133
"http://www.nettruyenmoi.com/truyen-tranh/bang-son-tong-tai-sung-the-den-vo-dao/chap-132/787111", Chapter 132
"http://www.nettruyenmoi.com/truyen-tranh/bang-son-tong-tai-sung-the-den-vo-dao/chap-131/787110", Chapter 131
"http://www.nettruyenmoi.com/truyen-tranh/bang-son-tong-tai-sung-the-den-vo-dao/chap-130/787109", Chapter 130
"http://www.nettruyenmoi.com/truyen-tranh/bang-son-tong-tai-sung-the-den-vo-dao/chap-129/787108", Chapter 129
"http://www.nettruyenmoi.com/truyen-tranh/bang-son-tong-tai-sung-the-den-vo-dao/chap-128/787107", Chapter 128
"http://www.nettruyenmoi.com/truyen-tranh/bang-son-tong-tai-sung-the-den-vo-dao/chap-127/787106", Chapter 127
"http://www.nettruyenmoi.com/truyen-tranh/bang-son-tong-tai-sung-the-den-vo-dao/chap-126/787105", Chapter 126
"http://www.nettruyenmoi.com/truyen-tranh/bang-son-tong-tai-sung-the-den-vo-dao/chap-125/787104", Chapter 125
"http://www.nettruyenmoi.com/truyen-tranh/bang-son-tong-tai-sung-the-den-vo-dao/chap-124/787103", Chapter 124
"http://www.nettruyenmoi.com/truyen-tranh/bang-son-tong-tai-sung-the-den-vo-dao/chap-123/787102", Chapter 123
"http://www.nettruyenmoi.com/truyen-tranh/bang-son-tong-tai-sung-the-den-vo-dao/chap-122/787101", Chapter 122
"http://www.nettruyenmoi.com/truyen-tranh/bang-son-tong-tai-sung-the-den-vo-dao/chap-121/787100", Chapter 121
"http://www.nettruyenmoi.com/truyen-tranh/bang-son-tong-tai-sung-the-den-vo-dao/chap-120/787099", Chapter 120
"http://www.nettruyenmoi.com/truyen-tranh/bang-son-tong-tai-sung-the-den-vo-dao/chap-119/787098", Chapter 119
"http://www.nettruyenmoi.com/truyen-tranh/bang-son-tong-tai-sung-the-den-vo-dao/chap-118/787097", Chapter 118
"http://www.nettruyenmoi.com/truyen-tranh/bang-son-tong-tai-sung-the-den-vo-dao/chap-117/787096", Chapter 117
"http://www.nettruyenmoi.com/truyen-tranh/bang-son-tong-tai-sung-the-den-vo-dao/chap-116/787095", Chapter 116
"http://www.nettruyenmoi.com/truyen-tranh/bang-son-tong-tai-sung-the-den-vo-dao/chap-115/787094", Chapter 115
"http://www.nettruyenmoi.com/truyen-tranh/bang-son-tong-tai-sung-the-den-vo-dao/chap-114/787093", Chapter 114
"http://www.nettruyenmoi.com/truyen-tranh/bang-son-tong-tai-sung-the-den-vo-dao/chap-113/787092", Chapter 113
"http://www.nettruyenmoi.com/truyen-tranh/bang-son-tong-tai-sung-the-den-vo-dao/chap-112/787091", Chapter 112
"http://www.nettruyenmoi.com/truyen-tranh/bang-son-tong-tai-sung-the-den-vo-dao/chap-111/787090", Chapter 111
"http://www.nettruyenmoi.com/truyen-tranh/bang-son-tong-tai-sung-the-den-vo-dao/chap-109/787088", Chapter 109
"http://www.nettruyenmoi.com/truyen-tranh/bang-son-tong-tai-sung-the-den-vo-dao/chap-108/787087", Chapter 108
"http://www.nettruyenmoi.com/truyen-tranh/bang-son-tong-tai-sung-the-den-vo-dao/chap-107/787086", Chapter 107
"http://www.nettruyenmoi.com/truyen-tranh/bang-son-tong-tai-sung-the-den-vo-dao/chap-106/787085", Chapter 106
"http://www.nettruyenmoi.com/truyen-tranh/bang-son-tong-tai-sung-the-den-vo-dao/chap-105/787084", Chapter 105
"http://www.nettruyenmoi.com/truyen-tranh/bang-son-tong-tai-sung-the-den-vo-dao/chap-104/787083", Chapter 104
"http://www.nettruyenmoi.com/truyen-tranh/bang-son-tong-tai-sung-the-den-vo-dao/chap-103/787082", Chapter 103
"http://www.nettruyenmoi.com/truyen-tranh/bang-son-tong-tai-sung-the-den-vo-dao/chap-102/787081", Chapter 102
"http://www.nettruyenmoi.com/truyen-tranh/bang-son-tong-tai-sung-the-den-vo-dao/chap-101/787080", Chapter 101
"http://www.nettruyenmoi.com/truyen-tranh/bang-son-tong-tai-sung-the-den-vo-dao/chap-100/787079", Chapter 100
"http://www.nettruyenmoi.com/truyen-tranh/bang-son-tong-tai-sung-the-den-vo-dao/chap-99/787078", Chapter 99
"http://www.nettruyenmoi.com/truyen-tranh/bang-son-tong-tai-sung-the-den-vo-dao/chap-98/787077", Chapter 98
"http://www.nettruyenmoi.com/truyen-tranh/bang-son-tong-tai-sung-the-den-vo-dao/chap-97/787076", Chapter 97
"http://www.nettruyenmoi.com/truyen-tranh/bang-son-tong-tai-sung-the-den-vo-dao/chap-96/787075", Chapter 96
"http://www.nettruyenmoi.com/truyen-tranh/bang-son-tong-tai-sung-the-den-vo-dao/chap-95/787074", Chapter 95
"http://www.nettruyenmoi.com/truyen-tranh/bang-son-tong-tai-sung-the-den-vo-dao/chap-94/787073", Chapter 94
"http://www.nettruyenmoi.com/truyen-tranh/bang-son-tong-tai-sung-the-den-vo-dao/chap-93/787072", Chapter 93
"http://www.nettruyenmoi.com/truyen-tranh/bang-son-tong-tai-sung-the-den-vo-dao/chap-92/787071", Chapter 92
"http://www.nettruyenmoi.com/truyen-tranh/bang-son-tong-tai-sung-the-den-vo-dao/chap-91/787070", Chapter 91
"http://www.nettruyenmoi.com/truyen-tranh/bang-son-tong-tai-sung-the-den-vo-dao/chap-90/787069", Chapter 90
"http://www.nettruyenmoi.com/truyen-tranh/bang-son-tong-tai-sung-the-den-vo-dao/chap-89/787068", Chapter 89
"http://www.nettruyenmoi.com/truyen-tranh/bang-son-tong-tai-sung-the-den-vo-dao/chap-88/787067", Chapter 88
"http://www.nettruyenmoi.com/truyen-tranh/bang-son-tong-tai-sung-the-den-vo-dao/chap-87/787066", Chapter 87
"http://www.nettruyenmoi.com/truyen-tranh/bang-son-tong-tai-sung-the-den-vo-dao/chap-86/787065", Chapter 86
"http://www.nettruyenmoi.com/truyen-tranh/bang-son-tong-tai-sung-the-den-vo-dao/chap-85/787064", Chapter 85
"http://www.nettruyenmoi.com/truyen-tranh/bang-son-tong-tai-sung-the-den-vo-dao/chap-84/787063", Chapter 84
"http://www.nettruyenmoi.com/truyen-tranh/bang-son-tong-tai-sung-the-den-vo-dao/chap-83/787062", Chapter 83
"http://www.nettruyenmoi.com/truyen-tranh/bang-son-tong-tai-sung-the-den-vo-dao/chap-82/787061", Chapter 82
"http://www.nettruyenmoi.com/truyen-tranh/bang-son-tong-tai-sung-the-den-vo-dao/chap-81/787060", Chapter 81
"http://www.nettruyenmoi.com/truyen-tranh/bang-son-tong-tai-sung-the-den-vo-dao/chap-80/787059", Chapter 80
"http://www.nettruyenmoi.com/truyen-tranh/bang-son-tong-tai-sung-the-den-vo-dao/chap-79/787058", Chapter 79
"http://www.nettruyenmoi.com/truyen-tranh/bang-son-tong-tai-sung-the-den-vo-dao/chap-78/787057", Chapter 78
"http://www.nettruyenmoi.com/truyen-tranh/bang-son-tong-tai-sung-the-den-vo-dao/chap-77/787056", Chapter 77
"http://www.nettruyenmoi.com/truyen-tranh/bang-son-tong-tai-sung-the-den-vo-dao/chap-76/787055", Chapter 76
"http://www.nettruyenmoi.com/truyen-tranh/bang-son-tong-tai-sung-the-den-vo-dao/chap-75/787054", Chapter 75
"http://www.nettruyenmoi.com/truyen-tranh/bang-son-tong-tai-sung-the-den-vo-dao/chap-74/787053", Chapter 74
"http://www.nettruyenmoi.com/truyen-tranh/bang-son-tong-tai-sung-the-den-vo-dao/chap-73/787052", Chapter 73
"http://www.nettruyenmoi.com/truyen-tranh/bang-son-tong-tai-sung-the-den-vo-dao/chap-72/787051", Chapter 72
"http://www.nettruyenmoi.com/truyen-tranh/bang-son-tong-tai-sung-the-den-vo-dao/chap-71/787050", Chapter 71
"http://www.nettruyenmoi.com/truyen-tranh/bang-son-tong-tai-sung-the-den-vo-dao/chap-70/787049", Chapter 70
"http://www.nettruyenmoi.com/truyen-tranh/bang-son-tong-tai-sung-the-den-vo-dao/chap-69/787048", Chapter 69
"http://www.nettruyenmoi.com/truyen-tranh/bang-son-tong-tai-sung-the-den-vo-dao/chap-68/787047", Chapter 68
"http://www.nettruyenmoi.com/truyen-tranh/bang-son-tong-tai-sung-the-den-vo-dao/chap-67/787046", Chapter 67
"http://www.nettruyenmoi.com/truyen-tranh/bang-son-tong-tai-sung-the-den-vo-dao/chap-66/787045", Chapter 66
"http://www.nettruyenmoi.com/truyen-tranh/bang-son-tong-tai-sung-the-den-vo-dao/chap-65/787044", Chapter 65
"http://www.nettruyenmoi.com/truyen-tranh/bang-son-tong-tai-sung-the-den-vo-dao/chap-64/787043", Chapter 64
"http://www.nettruyenmoi.com/truyen-tranh/bang-son-tong-tai-sung-the-den-vo-dao/chap-63/787042", Chapter 63
"http://www.nettruyenmoi.com/truyen-tranh/bang-son-tong-tai-sung-the-den-vo-dao/chap-62/787041", Chapter 62
"http://www.nettruyenmoi.com/truyen-tranh/bang-son-tong-tai-sung-the-den-vo-dao/chap-61/787040", Chapter 61
"http://www.nettruyenmoi.com/truyen-tranh/bang-son-tong-tai-sung-the-den-vo-dao/chap-60/787039", Chapter 60
"http://www.nettruyenmoi.com/truyen-tranh/bang-son-tong-tai-sung-the-den-vo-dao/chap-59/706625", Chapter 59
"http://www.nettruyenmoi.com/truyen-tranh/bang-son-tong-tai-sung-the-den-vo-dao/chap-58/706624", Chapter 58
"http://www.nettruyenmoi.com/truyen-tranh/bang-son-tong-tai-sung-the-den-vo-dao/chap-57/706623", Chapter 57
"http://www.nettruyenmoi.com/truyen-tranh/bang-son-tong-tai-sung-the-den-vo-dao/chap-56/706622", Chapter 56
"http://www.nettruyenmoi.com/truyen-tranh/bang-son-tong-tai-sung-the-den-vo-dao/chap-55/706621", Chapter 55
"http://www.nettruyenmoi.com/truyen-tranh/bang-son-tong-tai-sung-the-den-vo-dao/chap-54/706620", Chapter 54
"http://www.nettruyenmoi.com/truyen-tranh/bang-son-tong-tai-sung-the-den-vo-dao/chap-53/706619", Chapter 53
"http://www.nettruyenmoi.com/truyen-tranh/bang-son-tong-tai-sung-the-den-vo-dao/chap-52/706618", Chapter 52
"http://www.nettruyenmoi.com/truyen-tranh/bang-son-tong-tai-sung-the-den-vo-dao/chap-51/706617", Chapter 51
"http://www.nettruyenmoi.com/truyen-tranh/bang-son-tong-tai-sung-the-den-vo-dao/chap-50/618494", Chapter 50
"http://www.nettruyenmoi.com/truyen-tranh/bang-son-tong-tai-sung-the-den-vo-dao/chap-49/617982", Chapter 49
"http://www.nettruyenmoi.com/truyen-tranh/bang-son-tong-tai-sung-the-den-vo-dao/chap-48/617304", Chapter 48
"http://www.nettruyenmoi.com/truyen-tranh/bang-son-tong-tai-sung-the-den-vo-dao/chap-47/613258", Chapter 47
"http://www.nettruyenmoi.com/truyen-tranh/bang-son-tong-tai-sung-the-den-vo-dao/chap-46/612544", Chapter 46
"http://www.nettruyenmoi.com/truyen-tranh/bang-son-tong-tai-sung-the-den-vo-dao/chap-45/612082", Chapter 45
"http://www.nettruyenmoi.com/truyen-tranh/bang-son-tong-tai-sung-the-den-vo-dao/chap-44/611778", Chapter 44
"http://www.nettruyenmoi.com/truyen-tranh/bang-son-tong-tai-sung-the-den-vo-dao/chap-43/603823", Chapter 43
"http://www.nettruyenmoi.com/truyen-tranh/bang-son-tong-tai-sung-the-den-vo-dao/chap-42/602994", Chapter 42
"http://www.nettruyenmoi.com/truyen-tranh/bang-son-tong-tai-sung-the-den-vo-dao/chap-41/602601", Chapter 41
"http://www.nettruyenmoi.com/truyen-tranh/bang-son-tong-tai-sung-the-den-vo-dao/chap-40/567485", Chapter 40
"http://www.nettruyenmoi.com/truyen-tranh/bang-son-tong-tai-sung-the-den-vo-dao/chap-39/567242", Chapter 39
"http://www.nettruyenmoi.com/truyen-tranh/bang-son-tong-tai-sung-the-den-vo-dao/chap-38/566848", Chapter 38
"http://www.nettruyenmoi.com/truyen-tranh/bang-son-tong-tai-sung-the-den-vo-dao/chap-37/565243", Chapter 37
"http://www.nettruyenmoi.com/truyen-tranh/bang-son-tong-tai-sung-the-den-vo-dao/chap-36/565156", Chapter 36
"http://www.nettruyenmoi.com/truyen-tranh/bang-son-tong-tai-sung-the-den-vo-dao/chap-35/561233", Chapter 35
"http://www.nettruyenmoi.com/truyen-tranh/bang-son-tong-tai-sung-the-den-vo-dao/chap-34/560939", Chapter 34
"http://www.nettruyenmoi.com/truyen-tranh/bang-son-tong-tai-sung-the-den-vo-dao/chap-33/560800", Chapter 33
"http://www.nettruyenmoi.com/truyen-tranh/bang-son-tong-tai-sung-the-den-vo-dao/chap-32/560491", Chapter 32
"http://www.nettruyenmoi.com/truyen-tranh/bang-son-tong-tai-sung-the-den-vo-dao/chap-31/560255", Chapter 31
"http://www.nettruyenmoi.com/truyen-tranh/bang-son-tong-tai-sung-the-den-vo-dao/chap-30/558894", Chapter 30
"http://www.nettruyenmoi.com/truyen-tranh/bang-son-tong-tai-sung-the-den-vo-dao/chap-29/558644", Chapter 29
"http://www.nettruyenmoi.com/truyen-tranh/bang-son-tong-tai-sung-the-den-vo-dao/chap-28/553805", Chapter 28
"http://www.nettruyenmoi.com/truyen-tranh/bang-son-tong-tai-sung-the-den-vo-dao/chap-27/553542", Chapter 27
"http://www.nettruyenmoi.com/truyen-tranh/bang-son-tong-tai-sung-the-den-vo-dao/chap-26/552974", Chapter 26
"http://www.nettruyenmoi.com/truyen-tranh/bang-son-tong-tai-sung-the-den-vo-dao/chap-25/552202", Chapter 25
"http://www.nettruyenmoi.com/truyen-tranh/bang-son-tong-tai-sung-the-den-vo-dao/chap-24/551878", Chapter 24
"http://www.nettruyenmoi.com/truyen-tranh/bang-son-tong-tai-sung-the-den-vo-dao/chap-23/546163", Chapter 23
"http://www.nettruyenmoi.com/truyen-tranh/bang-son-tong-tai-sung-the-den-vo-dao/chap-22/545288", Chapter 22
"http://www.nettruyenmoi.com/truyen-tranh/bang-son-tong-tai-sung-the-den-vo-dao/chap-21/544975", Chapter 21
"http://www.nettruyenmoi.com/truyen-tranh/bang-son-tong-tai-sung-the-den-vo-dao/chap-20/544628", Chapter 20
"http://www.nettruyenmoi.com/truyen-tranh/bang-son-tong-tai-sung-the-den-vo-dao/chap-19/544271", Chapter 19
"http://www.nettruyenmoi.com/truyen-tranh/bang-son-tong-tai-sung-the-den-vo-dao/chap-18/543810", Chapter 18
"http://www.nettruyenmoi.com/truyen-tranh/bang-son-tong-tai-sung-the-den-vo-dao/chap-17/541434", Chapter 17
"http://www.nettruyenmoi.com/truyen-tranh/bang-son-tong-tai-sung-the-den-vo-dao/chap-16/541148", Chapter 16
"http://www.nettruyenmoi.com/truyen-tranh/bang-son-tong-tai-sung-the-den-vo-dao/chap-15/540838", Chapter 15
"http://www.nettruyenmoi.com/truyen-tranh/bang-son-tong-tai-sung-the-den-vo-dao/chap-14/540705", Chapter 14
"http://www.nettruyenmoi.com/truyen-tranh/bang-son-tong-tai-sung-the-den-vo-dao/chap-13/538103", Chapter 13
"http://www.nettruyenmoi.com/truyen-tranh/bang-son-tong-tai-sung-the-den-vo-dao/chap-12/537934", Chapter 12
"http://www.nettruyenmoi.com/truyen-tranh/bang-son-tong-tai-sung-the-den-vo-dao/chap-11/537776", Chapter 11
"http://www.nettruyenmoi.com/truyen-tranh/bang-son-tong-tai-sung-the-den-vo-dao/chap-10/537604", Chapter 10
"http://www.nettruyenmoi.com/truyen-tranh/bang-son-tong-tai-sung-the-den-vo-dao/chap-9/537404", Chapter 9
"http://www.nettruyenmoi.com/truyen-tranh/bang-son-tong-tai-sung-the-den-vo-dao/chap-8/534553", Chapter 8
"http://www.nettruyenmoi.com/truyen-tranh/bang-son-tong-tai-sung-the-den-vo-dao/chap-7/533867", Chapter 7
"http://www.nettruyenmoi.com/truyen-tranh/bang-son-tong-tai-sung-the-den-vo-dao/chap-6/532967", Chapter 6
"http://www.nettruyenmoi.com/truyen-tranh/bang-son-tong-tai-sung-the-den-vo-dao/chap-5/532595", Chapter 5
"http://www.nettruyenmoi.com/truyen-tranh/bang-son-tong-tai-sung-the-den-vo-dao/chap-4/532498", Chapter 4
"http://www.nettruyenmoi.com/truyen-tranh/bang-son-tong-tai-sung-the-den-vo-dao/chap-3/531452", Chapter 3
"http://www.nettruyenmoi.com/truyen-tranh/bang-son-tong-tai-sung-the-den-vo-dao/chap-2/531231", Chapter 2
"https://www.nettruyenmoi.com/truyen-tranh/bang-son-tong-tai-sung-the-den-vo-dao-26692#nt_comments",  NetTruyen (3342)
"https://www.nettruyenmoi.com/truyen-tranh/bang-son-tong-tai-sung-the-den-vo-dao-26692#fb_comments",  Facebook (0)
"https://www.facebook.com/nettruyen", PAGE
"https://www.nettruyenmoi.com/truyen-tranh/bang-son-tong-tai-sung-the-den-vo-dao-26692#1", 1
"https://www.nettruyenmoi.com/truyen-tranh/bang-son-tong-tai-sung-the-den-vo-dao-26692#2", ›
"https://www.nettruyenmoi.com/truyen-tranh/bang-son-tong-tai-sung-the-den-vo-dao-26692#3", 3
"https://www.nettruyenmoi.com/truyen-tranh/bang-son-tong-tai-sung-the-den-vo-dao-26692#4", 4
"https://www.nettruyenmoi.com/truyen-tranh/bang-son-tong-tai-sung-the-den-vo-dao-26692#5", 5
"https://www.nettruyenmoi.com/truyen-tranh/bang-son-tong-tai-sung-the-den-vo-dao-26692#6", 6
"https://www.nettruyenmoi.com/truyen-tranh/bang-son-tong-tai-sung-the-den-vo-dao-26692#7", 7
"https://www.nettruyenmoi.com/truyen-tranh/bang-son-tong-tai-sung-the-den-vo-dao-26692#8", 8
"https://www.nettruyenmoi.com/truyen-tranh/bang-son-tong-tai-sung-the-den-vo-dao-26692#40", 40
"https://www.nettruyenmoi.com/truyen-tranh/bang-son-tong-tai-sung-the-den-vo-dao-26692#70", 70
"https://www.nettruyenmoi.com/truyen-tranh/bang-son-tong-tai-sung-the-den-vo-dao-26692#110", 110
"https://www.nettruyenmoi.com/truyen-tranh/bang-son-tong-tai-sung-the-den-vo-dao-26692#150", 150
"https://www.nettruyenmoi.com/truyen-tranh/bang-son-tong-tai-sung-the-den-vo-dao-26692#190", 190
"https://www.nettruyenmoi.com/truyen-tranh/bang-son-tong-tai-sung-the-den-vo-dao-26692#220", 220
"https://www.nettruyenmoi.com/truyen-tranh/bang-son-tong-tai-sung-the-den-vo-dao-26692#223", »
"http://www.nettruyenmoi.com/truyen-tranh/vo-luyen-dinh-phong-17696", Võ Luyện Đỉnh Phong
"http://www.nettruyenmoi.com/truyen-tranh/vo-luyen-dinh-phong/chap-2030/831315", Chapter 2030
"http://www.nettruyenmoi.com/truyen-tranh/dai-vuong-tha-mang-26499", Đại Vương Tha Mạng
"http://www.nettruyenmoi.com/truyen-tranh/dai-vuong-tha-mang/chap-437/831149", Chapter 437
"http://www.nettruyenmoi.com/truyen-tranh/tu-tien-tro-ve-tai-vuon-truong-25383", Tu Tiên Trở Về Tại Vườn Trường
"http://www.nettruyenmoi.com/truyen-tranh/tu-tien-tro-ve-tai-vuon-truong/chap-316/829609", Chapter 316
"http://www.nettruyenmoi.com/truyen-tranh/tu-la-vo-than-35627", Tu La Võ Thần
"http://www.nettruyenmoi.com/truyen-tranh/tu-la-vo-than/chap-488/831210", Chapter 488
"http://www.nettruyenmoi.com/truyen-tranh/tren-nguoi-ta-co-mot-con-rong-23212", Trên Người Ta Có Một Con Rồng
"http://www.nettruyenmoi.com/truyen-tranh/tren-nguoi-ta-co-mot-con-rong/chap-485/830653", Chapter 485
"http://www.nettruyenmoi.com/truyen-tranh/trong-sinh-do-thi-tu-tien-194220", Trọng Sinh Đô Thị Tu Tiên
"http://www.nettruyenmoi.com/truyen-tranh/trong-sinh-do-thi-tu-tien/chap-727/830903", Chapter 727
"http://www.nettruyenmoi.com/truyen-tranh/toan-chuc-phap-su-17023", Toàn Chức Pháp Sư
"http://www.nettruyenmoi.com/truyen-tranh/toan-chuc-phap-su/chap-840/830887", Chapter 840