Link, Anchor Text
"http://www.nettruyenmoi.com/", Trang chủ
"https://www.nettruyenmoi.com/truyen-tranh/fantasy-bishoujo-juniku-ojisan-to-26428#", Xếp hạng 
"https://www.nettruyenmoi.com/Secure/Login.aspx?returnurl=%2Ftruyen-tranh%2Ffantasy-bishoujo-juniku-ojisan-to-26428", Đăng nhập
"https://www.nettruyenmoi.com/Secure/Register.aspx?returnurl=%2Ftruyen-tranh%2Ffantasy-bishoujo-juniku-ojisan-to-26428", Đăng ký
"https://www.nettruyenmoi.com/", 


Trang chủ

"http://www.nettruyenmoi.com/hot", Hot
"http://www.nettruyenmoi.com/theo-doi", Theo dõi
"http://www.nettruyenmoi.com/lich-su", Lịch sử
"http://www.nettruyenmoi.com/tim-truyen", 
Tất cả

"http://www.nettruyenmoi.com/tim-truyen/action", Action
"http://www.nettruyenmoi.com/tim-truyen/truong-thanh", Adult
"http://www.nettruyenmoi.com/tim-truyen/adventure", Adventure
"http://www.nettruyenmoi.com/tim-truyen/anime", Anime
"http://www.nettruyenmoi.com/tim-truyen/chuyen-sinh-213", Chuyển Sinh
"http://www.nettruyenmoi.com/tim-truyen/comedy-99", Comedy
"http://www.nettruyenmoi.com/tim-truyen/comic", Comic
"http://www.nettruyenmoi.com/tim-truyen/cooking", Cooking
"http://www.nettruyenmoi.com/tim-truyen/co-dai-207", 
Cổ Đại

"http://www.nettruyenmoi.com/tim-truyen/doujinshi", Doujinshi
"http://www.nettruyenmoi.com/tim-truyen/drama-103", Drama
"http://www.nettruyenmoi.com/tim-truyen/dam-my", 
Đam Mỹ

"http://www.nettruyenmoi.com/tim-truyen/ecchi", Ecchi
"http://www.nettruyenmoi.com/tim-truyen/fantasy-105", Fantasy
"http://www.nettruyenmoi.com/tim-truyen/gender-bender", Gender Bender
"http://www.nettruyenmoi.com/tim-truyen/harem-107", Harem
"http://www.nettruyenmoi.com/tim-truyen/historical", Historical
"http://www.nettruyenmoi.com/tim-truyen/horror", Horror
"http://www.nettruyenmoi.com/tim-truyen/josei", Josei
"http://www.nettruyenmoi.com/tim-truyen/live-action", Live action
"http://www.nettruyenmoi.com/tim-truyen/manga-112", Manga
"http://www.nettruyenmoi.com/tim-truyen/manhua", 
Manhua

"http://www.nettruyenmoi.com/tim-truyen/manhwa-1140", Manhwa
"http://www.nettruyenmoi.com/tim-truyen/martial-arts", Martial Arts
"http://www.nettruyenmoi.com/tim-truyen/mature", Mature
"http://www.nettruyenmoi.com/tim-truyen/mecha-117", Mecha
"http://www.nettruyenmoi.com/tim-truyen/mystery", Mystery
"http://www.nettruyenmoi.com/tim-truyen/ngon-tinh", 
Ngôn Tình

"http://www.nettruyenmoi.com/tim-truyen/one-shot", One shot
"http://www.nettruyenmoi.com/tim-truyen/psychological", Psychological
"http://www.nettruyenmoi.com/tim-truyen/romance", 
Romance

"http://www.nettruyenmoi.com/tim-truyen/school-life", School Life
"http://www.nettruyenmoi.com/tim-truyen/sci-fi", Sci-fi
"http://www.nettruyenmoi.com/tim-truyen/seinen", Seinen
"http://www.nettruyenmoi.com/tim-truyen/shoujo", Shoujo
"http://www.nettruyenmoi.com/tim-truyen/shoujo-ai-126", Shoujo Ai
"http://www.nettruyenmoi.com/tim-truyen/shounen-127", Shounen
"http://www.nettruyenmoi.com/tim-truyen/shounen-ai", Shounen Ai
"http://www.nettruyenmoi.com/tim-truyen/slice-of-life", Slice of Life
"http://www.nettruyenmoi.com/tim-truyen/smut", Smut
"http://www.nettruyenmoi.com/tim-truyen/soft-yaoi", Soft Yaoi
"http://www.nettruyenmoi.com/tim-truyen/soft-yuri", Soft Yuri
"http://www.nettruyenmoi.com/tim-truyen/sports", Sports
"http://www.nettruyenmoi.com/tim-truyen/supernatural", Supernatural
"http://www.nettruyenmoi.com/tim-truyen/thieu-nhi", Thiếu Nhi
"http://www.nettruyenmoi.com/tim-truyen/tragedy-136", Tragedy
"http://www.nettruyenmoi.com/tim-truyen/trinh-tham", Trinh Thám
"http://www.nettruyenmoi.com/tim-truyen/truyen-scan", Truyện scan
"http://www.nettruyenmoi.com/tim-truyen/truyen-mau", Truyện Màu
"http://www.nettruyenmoi.com/tim-truyen/webtoon", Webtoon
"http://www.nettruyenmoi.com/tim-truyen/xuyen-khong-205", 
Xuyên Không

"https://www.nettruyenmoi.com/tim-truyen?status=-1&sort=10", 

 Top all
"https://www.nettruyenmoi.com/truyen-full", 


 Truyện full

"https://www.nettruyenmoi.com/tim-truyen?status=-1&sort=11", 

 Top tháng
"https://www.nettruyenmoi.com/tim-truyen?status=-1&sort=20", 

 Yêu Thích
"https://www.nettruyenmoi.com/tim-truyen?status=-1&sort=12", 

 Top tuần
"https://www.nettruyenmoi.com/tim-truyen", 

 Mới cập nhật
"https://www.nettruyenmoi.com/tim-truyen?status=-1&sort=13", 

 Top ngày
"https://www.nettruyenmoi.com/tim-truyen?status=-1&sort=15", 

 Truyện mới
"http://www.nettruyenmoi.com/tim-truyen-nang-cao", Tìm truyện
"http://www.nettruyenmoi.com/truyen-con-gai", Con gái
"http://www.nettruyenmoi.com/truyen-con-trai", Con trai
"https://www.facebook.com/groups/nettruyenonline/", Group
"http://cookie.nettruyengo.com/secure/cookiehandler.aspx?domain=www.nettruyenmoi.com",  Nhấn vào đây
"http://www.nettruyenmoi.com/truyen-tranh/fantasy-bishoujo-juniku-ojisan-to-26428", Fantasy Bishoujo Juniku Ojisan To 
"http://www.nettruyenmoi.com/tim-truyen?tac-gia=Tsurusaki+Yuu", Tsurusaki Yuu
"http://www.nettruyenmoi.com/truyen-tranh/fantasy-bishoujo-juniku-ojisan-to/chap-1/526047", Chapter 1
"http://www.nettruyenmoi.com/truyen-tranh/fantasy-bishoujo-juniku-ojisan-to/chap-79/831305", Chapter 79
"http://www.nettruyenmoi.com/truyen-tranh/fantasy-bishoujo-juniku-ojisan-to/chap-78/827183", Chapter 78
"http://www.nettruyenmoi.com/truyen-tranh/fantasy-bishoujo-juniku-ojisan-to/chap-77/820081", Chapter 77
"http://www.nettruyenmoi.com/truyen-tranh/fantasy-bishoujo-juniku-ojisan-to/chap-76/818007", Chapter 76
"http://www.nettruyenmoi.com/truyen-tranh/fantasy-bishoujo-juniku-ojisan-to/chap-75/815602", Chapter 75
"http://www.nettruyenmoi.com/truyen-tranh/fantasy-bishoujo-juniku-ojisan-to/chap-74/813264", Chapter 74
"http://www.nettruyenmoi.com/truyen-tranh/fantasy-bishoujo-juniku-ojisan-to/chap-73/805351", Chapter 73
"http://www.nettruyenmoi.com/truyen-tranh/fantasy-bishoujo-juniku-ojisan-to/chap-72/799103", Chapter 72
"http://www.nettruyenmoi.com/truyen-tranh/fantasy-bishoujo-juniku-ojisan-to/chap-71/792680", Chapter 71
"http://www.nettruyenmoi.com/truyen-tranh/fantasy-bishoujo-juniku-ojisan-to/chap-70/792679", Chapter 70
"http://www.nettruyenmoi.com/truyen-tranh/fantasy-bishoujo-juniku-ojisan-to/chap-69/781251", Chapter 69
"http://www.nettruyenmoi.com/truyen-tranh/fantasy-bishoujo-juniku-ojisan-to/chap-68/779252", Chapter 68
"http://www.nettruyenmoi.com/truyen-tranh/fantasy-bishoujo-juniku-ojisan-to/chap-67/774784", Chapter 67
"http://www.nettruyenmoi.com/truyen-tranh/fantasy-bishoujo-juniku-ojisan-to/chap-66/770044", Chapter 66
"http://www.nettruyenmoi.com/truyen-tranh/fantasy-bishoujo-juniku-ojisan-to/chap-65/766657", Chapter 65
"http://www.nettruyenmoi.com/truyen-tranh/fantasy-bishoujo-juniku-ojisan-to/chap-64/766655", Chapter 64
"http://www.nettruyenmoi.com/truyen-tranh/fantasy-bishoujo-juniku-ojisan-to/chap-63/766654", Chapter 63
"http://www.nettruyenmoi.com/truyen-tranh/fantasy-bishoujo-juniku-ojisan-to/chap-62/762736", Chapter 62
"http://www.nettruyenmoi.com/truyen-tranh/fantasy-bishoujo-juniku-ojisan-to/chap-61/760218", Chapter 61
"http://www.nettruyenmoi.com/truyen-tranh/fantasy-bishoujo-juniku-ojisan-to/chap-60/757303", Chapter 60
"http://www.nettruyenmoi.com/truyen-tranh/fantasy-bishoujo-juniku-ojisan-to/chap-59/752515", Chapter 59
"http://www.nettruyenmoi.com/truyen-tranh/fantasy-bishoujo-juniku-ojisan-to/chap-58/752514", Chapter 58
"http://www.nettruyenmoi.com/truyen-tranh/fantasy-bishoujo-juniku-ojisan-to/chap-57/752513", Chapter 57
"http://www.nettruyenmoi.com/truyen-tranh/fantasy-bishoujo-juniku-ojisan-to/chap-56/752512", Chapter 56
"http://www.nettruyenmoi.com/truyen-tranh/fantasy-bishoujo-juniku-ojisan-to/chap-55/752511", Chapter 55
"http://www.nettruyenmoi.com/truyen-tranh/fantasy-bishoujo-juniku-ojisan-to/chap-30/644601", Chapter 30
"http://www.nettruyenmoi.com/truyen-tranh/fantasy-bishoujo-juniku-ojisan-to/chap-29/640935", Chapter 29
"http://www.nettruyenmoi.com/truyen-tranh/fantasy-bishoujo-juniku-ojisan-to/chap-28/634885", Chapter 28
"http://www.nettruyenmoi.com/truyen-tranh/fantasy-bishoujo-juniku-ojisan-to/chap-27/632457", Chapter 27
"http://www.nettruyenmoi.com/truyen-tranh/fantasy-bishoujo-juniku-ojisan-to/chap-26/626970", Chapter 26
"http://www.nettruyenmoi.com/truyen-tranh/fantasy-bishoujo-juniku-ojisan-to/chap-25/622073", Chapter 25
"http://www.nettruyenmoi.com/truyen-tranh/fantasy-bishoujo-juniku-ojisan-to/chap-24/619022", Chapter 24
"http://www.nettruyenmoi.com/truyen-tranh/fantasy-bishoujo-juniku-ojisan-to/chap-23/612645", Chapter 23
"http://www.nettruyenmoi.com/truyen-tranh/fantasy-bishoujo-juniku-ojisan-to/chap-22/610056", Chapter 22
"http://www.nettruyenmoi.com/truyen-tranh/fantasy-bishoujo-juniku-ojisan-to/chap-21/598427", Chapter 21
"http://www.nettruyenmoi.com/truyen-tranh/fantasy-bishoujo-juniku-ojisan-to/chap-20/591512", Chapter 20
"http://www.nettruyenmoi.com/truyen-tranh/fantasy-bishoujo-juniku-ojisan-to/chap-19/584356", Chapter 19
"http://www.nettruyenmoi.com/truyen-tranh/fantasy-bishoujo-juniku-ojisan-to/chap-18/580441", Chapter 18
"http://www.nettruyenmoi.com/truyen-tranh/fantasy-bishoujo-juniku-ojisan-to/chap-17/573470", Chapter 17
"http://www.nettruyenmoi.com/truyen-tranh/fantasy-bishoujo-juniku-ojisan-to/chap-16/570660", Chapter 16
"http://www.nettruyenmoi.com/truyen-tranh/fantasy-bishoujo-juniku-ojisan-to/chap-15/565569", Chapter 15
"http://www.nettruyenmoi.com/truyen-tranh/fantasy-bishoujo-juniku-ojisan-to/chap-14/563468", Chapter 14
"http://www.nettruyenmoi.com/truyen-tranh/fantasy-bishoujo-juniku-ojisan-to/chap-13/561026", Chapter 13
"http://www.nettruyenmoi.com/truyen-tranh/fantasy-bishoujo-juniku-ojisan-to/chap-12/558934", Chapter 12
"http://www.nettruyenmoi.com/truyen-tranh/fantasy-bishoujo-juniku-ojisan-to/chap-11/556492", Chapter 11
"http://www.nettruyenmoi.com/truyen-tranh/fantasy-bishoujo-juniku-ojisan-to/chap-10/556491", Chapter 10
"http://www.nettruyenmoi.com/truyen-tranh/fantasy-bishoujo-juniku-ojisan-to/chap-9/551043", Chapter 9
"http://www.nettruyenmoi.com/truyen-tranh/fantasy-bishoujo-juniku-ojisan-to/chap-8/545939", Chapter 8
"http://www.nettruyenmoi.com/truyen-tranh/fantasy-bishoujo-juniku-ojisan-to/chap-7/544150", Chapter 7
"http://www.nettruyenmoi.com/truyen-tranh/fantasy-bishoujo-juniku-ojisan-to/chap-6/542053", Chapter 6
"http://www.nettruyenmoi.com/truyen-tranh/fantasy-bishoujo-juniku-ojisan-to/chap-5/540006", Chapter 5
"http://www.nettruyenmoi.com/truyen-tranh/fantasy-bishoujo-juniku-ojisan-to/chap-4/535672", Chapter 4
"http://www.nettruyenmoi.com/truyen-tranh/fantasy-bishoujo-juniku-ojisan-to/chap-3/531133", Chapter 3
"http://www.nettruyenmoi.com/truyen-tranh/fantasy-bishoujo-juniku-ojisan-to/chap-2/527143", Chapter 2
"https://www.nettruyenmoi.com/truyen-tranh/fantasy-bishoujo-juniku-ojisan-to-26428#nt_comments",  NetTruyen (1000)
"https://www.nettruyenmoi.com/truyen-tranh/fantasy-bishoujo-juniku-ojisan-to-26428#fb_comments",  Facebook (0)
"https://www.facebook.com/nettruyen", PAGE
"https://www.nettruyenmoi.com/truyen-tranh/fantasy-bishoujo-juniku-ojisan-to-26428#1", 1
"https://www.nettruyenmoi.com/truyen-tranh/fantasy-bishoujo-juniku-ojisan-to-26428#2", ›
"https://www.nettruyenmoi.com/truyen-tranh/fantasy-bishoujo-juniku-ojisan-to-26428#3", 3
"https://www.nettruyenmoi.com/truyen-tranh/fantasy-bishoujo-juniku-ojisan-to-26428#4", 4
"https://www.nettruyenmoi.com/truyen-tranh/fantasy-bishoujo-juniku-ojisan-to-26428#5", 5
"https://www.nettruyenmoi.com/truyen-tranh/fantasy-bishoujo-juniku-ojisan-to-26428#6", 6
"https://www.nettruyenmoi.com/truyen-tranh/fantasy-bishoujo-juniku-ojisan-to-26428#7", 7
"https://www.nettruyenmoi.com/truyen-tranh/fantasy-bishoujo-juniku-ojisan-to-26428#8", 8
"https://www.nettruyenmoi.com/truyen-tranh/fantasy-bishoujo-juniku-ojisan-to-26428#30", 30
"https://www.nettruyenmoi.com/truyen-tranh/fantasy-bishoujo-juniku-ojisan-to-26428#67", »
"http://www.nettruyenmoi.com/truyen-tranh/vo-luyen-dinh-phong-17696", Võ Luyện Đỉnh Phong
"http://www.nettruyenmoi.com/truyen-tranh/vo-luyen-dinh-phong/chap-2031/831426", Chapter 2031
"http://www.nettruyenmoi.com/truyen-tranh/dai-vuong-tha-mang-26499", Đại Vương Tha Mạng
"http://www.nettruyenmoi.com/truyen-tranh/dai-vuong-tha-mang/chap-438/831436", Chapter 438
"http://www.nettruyenmoi.com/truyen-tranh/tu-tien-tro-ve-tai-vuon-truong-25383", Tu Tiên Trở Về Tại Vườn Trường
"http://www.nettruyenmoi.com/truyen-tranh/tu-tien-tro-ve-tai-vuon-truong/chap-317/831380", Chapter 317
"http://www.nettruyenmoi.com/truyen-tranh/tu-la-vo-than-35627", Tu La Võ Thần
"http://www.nettruyenmoi.com/truyen-tranh/tu-la-vo-than/chap-489/831445", Chapter 489
"http://www.nettruyenmoi.com/truyen-tranh/tren-nguoi-ta-co-mot-con-rong-23212", Trên Người Ta Có Một Con Rồng
"http://www.nettruyenmoi.com/truyen-tranh/tren-nguoi-ta-co-mot-con-rong/chap-486/831152", Chapter 486
"http://www.nettruyenmoi.com/truyen-tranh/trong-sinh-do-thi-tu-tien-194220", Trọng Sinh Đô Thị Tu Tiên
"http://www.nettruyenmoi.com/truyen-tranh/trong-sinh-do-thi-tu-tien/chap-728/831461", Chapter 728
"http://www.nettruyenmoi.com/truyen-tranh/toan-chuc-phap-su-17023", Toàn Chức Pháp Sư
"http://www.nettruyenmoi.com/truyen-tranh/toan-chuc-phap-su/chap-841/831406", Chapter 841