Link,Anchor Text
"http://www.nettruyenmoi.com/", Trang chủ
"https://www.nettruyenmoi.com/truyen-tranh/protagonist-x-rival-28007#", Xếp hạng 
"https://www.nettruyenmoi.com/Secure/Login.aspx?returnurl=%2Ftruyen-tranh%2Fprotagonist-x-rival-28007", Đăng nhập
"https://www.nettruyenmoi.com/Secure/Register.aspx?returnurl=%2Ftruyen-tranh%2Fprotagonist-x-rival-28007", Đăng ký
"https://www.nettruyenmoi.com/", 


Trang chủ

"http://www.nettruyenmoi.com/hot", Hot
"http://www.nettruyenmoi.com/theo-doi", Theo dõi
"http://www.nettruyenmoi.com/lich-su", Lịch sử
"http://www.nettruyenmoi.com/tim-truyen", 
Tất cả

"http://www.nettruyenmoi.com/tim-truyen/action", Action
"http://www.nettruyenmoi.com/tim-truyen/truong-thanh", Adult
"http://www.nettruyenmoi.com/tim-truyen/adventure", Adventure
"http://www.nettruyenmoi.com/tim-truyen/anime", Anime
"http://www.nettruyenmoi.com/tim-truyen/chuyen-sinh-213", Chuyển Sinh
"http://www.nettruyenmoi.com/tim-truyen/comedy-99", Comedy
"http://www.nettruyenmoi.com/tim-truyen/comic", Comic
"http://www.nettruyenmoi.com/tim-truyen/cooking", Cooking
"http://www.nettruyenmoi.com/tim-truyen/co-dai-207", 
Cổ Đại

"http://www.nettruyenmoi.com/tim-truyen/doujinshi", Doujinshi
"http://www.nettruyenmoi.com/tim-truyen/drama-103", Drama
"http://www.nettruyenmoi.com/tim-truyen/dam-my", 
Đam Mỹ

"http://www.nettruyenmoi.com/tim-truyen/ecchi", Ecchi
"http://www.nettruyenmoi.com/tim-truyen/fantasy-105", Fantasy
"http://www.nettruyenmoi.com/tim-truyen/gender-bender", Gender Bender
"http://www.nettruyenmoi.com/tim-truyen/harem-107", Harem
"http://www.nettruyenmoi.com/tim-truyen/historical", Historical
"http://www.nettruyenmoi.com/tim-truyen/horror", Horror
"http://www.nettruyenmoi.com/tim-truyen/josei", Josei
"http://www.nettruyenmoi.com/tim-truyen/live-action", Live action
"http://www.nettruyenmoi.com/tim-truyen/manga-112", Manga
"http://www.nettruyenmoi.com/tim-truyen/manhua", 
Manhua

"http://www.nettruyenmoi.com/tim-truyen/manhwa-1140", Manhwa
"http://www.nettruyenmoi.com/tim-truyen/martial-arts", Martial Arts
"http://www.nettruyenmoi.com/tim-truyen/mature", Mature
"http://www.nettruyenmoi.com/tim-truyen/mecha-117", Mecha
"http://www.nettruyenmoi.com/tim-truyen/mystery", Mystery
"http://www.nettruyenmoi.com/tim-truyen/ngon-tinh", 
Ngôn Tình

"http://www.nettruyenmoi.com/tim-truyen/one-shot", One shot
"http://www.nettruyenmoi.com/tim-truyen/psychological", Psychological
"http://www.nettruyenmoi.com/tim-truyen/romance", 
Romance

"http://www.nettruyenmoi.com/tim-truyen/school-life", School Life
"http://www.nettruyenmoi.com/tim-truyen/sci-fi", Sci-fi
"http://www.nettruyenmoi.com/tim-truyen/seinen", Seinen
"http://www.nettruyenmoi.com/tim-truyen/shoujo", Shoujo
"http://www.nettruyenmoi.com/tim-truyen/shoujo-ai-126", Shoujo Ai
"http://www.nettruyenmoi.com/tim-truyen/shounen-127", Shounen
"http://www.nettruyenmoi.com/tim-truyen/shounen-ai", Shounen Ai
"http://www.nettruyenmoi.com/tim-truyen/slice-of-life", Slice of Life
"http://www.nettruyenmoi.com/tim-truyen/smut", Smut
"http://www.nettruyenmoi.com/tim-truyen/soft-yaoi", Soft Yaoi
"http://www.nettruyenmoi.com/tim-truyen/soft-yuri", Soft Yuri
"http://www.nettruyenmoi.com/tim-truyen/sports", Sports
"http://www.nettruyenmoi.com/tim-truyen/supernatural", Supernatural
"http://www.nettruyenmoi.com/tim-truyen/thieu-nhi", Thiếu Nhi
"http://www.nettruyenmoi.com/tim-truyen/tragedy-136", Tragedy
"http://www.nettruyenmoi.com/tim-truyen/trinh-tham", Trinh Thám
"http://www.nettruyenmoi.com/tim-truyen/truyen-scan", Truyện scan
"http://www.nettruyenmoi.com/tim-truyen/truyen-mau", Truyện Màu
"http://www.nettruyenmoi.com/tim-truyen/webtoon", Webtoon
"http://www.nettruyenmoi.com/tim-truyen/xuyen-khong-205", 
Xuyên Không

"https://www.nettruyenmoi.com/tim-truyen?status=-1&sort=10", 

 Top all
"https://www.nettruyenmoi.com/truyen-full", 


 Truyện full

"https://www.nettruyenmoi.com/tim-truyen?status=-1&sort=11", 

 Top tháng
"https://www.nettruyenmoi.com/tim-truyen?status=-1&sort=20", 

 Yêu Thích
"https://www.nettruyenmoi.com/tim-truyen?status=-1&sort=12", 

 Top tuần
"https://www.nettruyenmoi.com/tim-truyen", 

 Mới cập nhật
"https://www.nettruyenmoi.com/tim-truyen?status=-1&sort=13", 

 Top ngày
"https://www.nettruyenmoi.com/tim-truyen?status=-1&sort=15", 

 Truyện mới
"http://www.nettruyenmoi.com/tim-truyen-nang-cao", Tìm truyện
"http://www.nettruyenmoi.com/truyen-con-gai", Con gái
"http://www.nettruyenmoi.com/truyen-con-trai", Con trai
"https://www.facebook.com/groups/nettruyenonline/", Group
"http://cookie.nettruyengo.com/secure/cookiehandler.aspx?domain=www.nettruyenmoi.com",  Nhấn vào đây
"http://www.nettruyenmoi.com/truyen-tranh/protagonist-x-rival-28007", Protagonist x Rival 
"http://www.nettruyenmoi.com/truyen-tranh/protagonist-x-rival/chap-1/548888", Chapter 1
"http://www.nettruyenmoi.com/truyen-tranh/protagonist-x-rival/chap-22/831422", Chapter 22
"http://www.nettruyenmoi.com/truyen-tranh/protagonist-x-rival/chap-21/823819", Chapter 21
"http://www.nettruyenmoi.com/truyen-tranh/protagonist-x-rival/chap-20/817200", Chapter 20
"http://www.nettruyenmoi.com/truyen-tranh/protagonist-x-rival/chap-19/815950", Chapter 19
"http://www.nettruyenmoi.com/truyen-tranh/protagonist-x-rival/chap-18/674409", Chapter 18
"http://www.nettruyenmoi.com/truyen-tranh/protagonist-x-rival/chap-17/673852", Chapter 17
"http://www.nettruyenmoi.com/truyen-tranh/protagonist-x-rival/chap-16/627815", Chapter 16
"http://www.nettruyenmoi.com/truyen-tranh/protagonist-x-rival/chap-15/627814", Chapter 15
"http://www.nettruyenmoi.com/truyen-tranh/protagonist-x-rival/chap-14/625271", Chapter 14
"http://www.nettruyenmoi.com/truyen-tranh/protagonist-x-rival/chap-13/625244", Chapter 13
"http://www.nettruyenmoi.com/truyen-tranh/protagonist-x-rival/chap-12/560962", Chapter 12
"http://www.nettruyenmoi.com/truyen-tranh/protagonist-x-rival/chap-11/558277", Chapter 11
"http://www.nettruyenmoi.com/truyen-tranh/protagonist-x-rival/chap-10/550014", Chapter 10
"http://www.nettruyenmoi.com/truyen-tranh/protagonist-x-rival/chap-9/549359", Chapter 9
"http://www.nettruyenmoi.com/truyen-tranh/protagonist-x-rival/chap-8/549089", Chapter 8
"http://www.nettruyenmoi.com/truyen-tranh/protagonist-x-rival/chap-7/548894", Chapter 7
"http://www.nettruyenmoi.com/truyen-tranh/protagonist-x-rival/chap-6/548893", Chapter 6
"http://www.nettruyenmoi.com/truyen-tranh/protagonist-x-rival/chap-5/548892", Chapter 5
"http://www.nettruyenmoi.com/truyen-tranh/protagonist-x-rival/chap-4/548891", Chapter 4
"http://www.nettruyenmoi.com/truyen-tranh/protagonist-x-rival/chap-3/548890", Chapter 3
"http://www.nettruyenmoi.com/truyen-tranh/protagonist-x-rival/chap-2/548889", Chapter 2
"https://www.nettruyenmoi.com/truyen-tranh/protagonist-x-rival-28007#nt_comments",  NetTruyen (353)
"https://www.nettruyenmoi.com/truyen-tranh/protagonist-x-rival-28007#fb_comments",  Facebook (0)
"https://www.facebook.com/nettruyen", PAGE
"https://www.nettruyenmoi.com/truyen-tranh/protagonist-x-rival-28007#1", 1
"https://www.nettruyenmoi.com/truyen-tranh/protagonist-x-rival-28007#2", ›
"https://www.nettruyenmoi.com/truyen-tranh/protagonist-x-rival-28007#3", 3
"https://www.nettruyenmoi.com/truyen-tranh/protagonist-x-rival-28007#4", 4
"https://www.nettruyenmoi.com/truyen-tranh/protagonist-x-rival-28007#5", 5
"https://www.nettruyenmoi.com/truyen-tranh/protagonist-x-rival-28007#6", 6
"https://www.nettruyenmoi.com/truyen-tranh/protagonist-x-rival-28007#7", 7
"https://www.nettruyenmoi.com/truyen-tranh/protagonist-x-rival-28007#8", 8
"https://www.nettruyenmoi.com/truyen-tranh/protagonist-x-rival-28007#24", »
"http://www.nettruyenmoi.com/truyen-tranh/vo-luyen-dinh-phong-17696", Võ Luyện Đỉnh Phong
"http://www.nettruyenmoi.com/truyen-tranh/vo-luyen-dinh-phong/chap-2031/831426", Chapter 2031
"http://www.nettruyenmoi.com/truyen-tranh/dai-vuong-tha-mang-26499", Đại Vương Tha Mạng
"http://www.nettruyenmoi.com/truyen-tranh/dai-vuong-tha-mang/chap-437/831149", Chapter 437
"http://www.nettruyenmoi.com/truyen-tranh/tu-tien-tro-ve-tai-vuon-truong-25383", Tu Tiên Trở Về Tại Vườn Trường
"http://www.nettruyenmoi.com/truyen-tranh/tu-tien-tro-ve-tai-vuon-truong/chap-317/831380", Chapter 317
"http://www.nettruyenmoi.com/truyen-tranh/tu-la-vo-than-35627", Tu La Võ Thần
"http://www.nettruyenmoi.com/truyen-tranh/tu-la-vo-than/chap-488/831210", Chapter 488
"http://www.nettruyenmoi.com/truyen-tranh/tren-nguoi-ta-co-mot-con-rong-23212", Trên Người Ta Có Một Con Rồng
"http://www.nettruyenmoi.com/truyen-tranh/tren-nguoi-ta-co-mot-con-rong/chap-486/831152", Chapter 486
"http://www.nettruyenmoi.com/truyen-tranh/trong-sinh-do-thi-tu-tien-194220", Trọng Sinh Đô Thị Tu Tiên
"http://www.nettruyenmoi.com/truyen-tranh/trong-sinh-do-thi-tu-tien/chap-727/830903", Chapter 727
"http://www.nettruyenmoi.com/truyen-tranh/toan-chuc-phap-su-17023", Toàn Chức Pháp Sư
"http://www.nettruyenmoi.com/truyen-tranh/toan-chuc-phap-su/chap-841/831406", Chapter 841